cluster_a,median_factor,lo,hi,n_refs,module
2_1,3.010391263136993,2.7730546933642626,3.2477278329097232,2,Aerosolization
5_1,2.6884198220027105,2.6884198220027105,2.6884198220027105,1,Aerosolization
7,0.247879001923638,-0.09874330524905484,1.380211241711606,24,Aerosolization
4,-0.13020987314346408,-0.2443846993215664,-0.01603504696536175,2,Aerosolization
