cluster_e,median_factor,lo,hi,n_refs,module
8,1.21573059825894,0.2007489865702182,2.2307122099476615,2,Enrichment
5_3,0.6989700043360189,0.1238877209273876,0.7075701760979364,3,Enrichment
2_1,0.6427470800971786,0.15678610386029465,0.744982887130989,7,Enrichment
1_2,0.6091364267857238,0.4623979978989561,0.7558748556724915,2,Enrichment
3,0.14852721348287612,0.03610477944889689,0.39856399939072534,26,Enrichment
5_2,0.0010782913121860985,-0.06382873997218592,0.06598532259655812,2,Enrichment
