n_missing_oh,pct_missing_oh,n_missing_oz,pct_missing_oz
1014,1.361000751637496,24317,32.63851605282938
